{"cameraMode":{"drawMode":0,"name":"Shaded","section":"Shading Mode"},"sceneLighting":true,"audioPlay":false,"sceneViewState":{"m_AlwaysRefresh":false,"showFog":true,"showSkybox":false,"showFlares":true,"showImageEffects":true,"showParticleSystems":true,"showVisualEffectGraphs":true,"m_FxEnabled":true},"in2DMode":false,"pivot":{"x":0.7334039807319641,"y":-1.1646885871887208,"z":0.4457063674926758},"rotation":{"x":0.2722299098968506,"y":0.043281376361846927,"z":-0.012259828858077526,"w":0.9611665606498718},"size":5.683239459991455,"orthographic":false}